<?xml version="1.0"?>
<film>
  <review>
    <name>Conor</name>
    <comment>V. Good Service!</comment>
    <time>1 month ago</time>
  </review>
  <review>
    <name>Jamie</name>
    <comment>Service not up to standard!</comment>
    <time>2 Weeks ago</time>
  </review>
  <review>
    <name>Anicet</name>
    <comment>Great Service!</comment>
    <time>Yesterday</time>
  </review>
  
<review><name>George</name><comment>Great Site!</comment><time>Today</time></review><review><name/><comment/><time/></review><review><name>Liam</name><comment>Great idea!</comment><time>Today</time></review><review><name>Lee</name><comment>Very good!</comment><time>1 hour ago</time></review><review><name>Lee</name><comment>Very good!</comment><time>1 hour ago</time></review><review><name>Josh</name><comment>Not the best</comment><time>Just now</time></review><review><name>Sarah</name><comment>Best online shop</comment><time>Just now</time></review></film>
